step,cosine_similarity
1,-0.08812649548053741
2,-0.029438523575663567
3,0.14320175349712372
4,0.022339558228850365
5,0.0034363928716629744
6,0.09527947753667831
7,0.20653513073921204
8,0.0746685266494751
9,0.09402471780776978
10,0.10778198391199112
11,0.20304742455482483
12,0.05094014108181
13,0.12578657269477844
14,0.27486440539360046
15,0.08807040005922318
16,0.015719875693321228
17,0.017429836094379425
18,0.028101304545998573
19,0.1894502341747284
20,0.20582623779773712
21,0.16367609798908234
22,-0.24373754858970642
23,-0.09088314324617386
24,0.08258812129497528
25,0.16965773701667786
26,0.1983887255191803
27,0.2869069576263428
28,0.17597095668315887
29,0.1946353316307068
30,0.15982626378536224
31,0.011958773247897625
32,-0.09716515988111496
33,0.1772906333208084
34,0.327834814786911
35,0.16299855709075928
36,0.09799136221408844
37,0.07600495219230652
38,0.03553124889731407
39,0.19442948698997498
40,0.3790302574634552
41,0.11542285978794098
42,-0.045429527759552
43,-0.18775779008865356
44,0.2821544110774994
45,-0.0008664009510539472
46,-0.06833577901124954
47,0.04690680652856827
48,0.14852753281593323
49,-0.001675317995250225
50,0.17606480419635773
51,0.3694438934326172
52,-0.24764245748519897
53,-0.22036951780319214
54,0.0673576220870018
55,0.04108860343694687
56,-0.07142244279384613
57,-0.030080661177635193
58,0.029612403362989426
59,0.23122024536132812
60,-0.2902131974697113
61,-0.02496570721268654
62,0.07562999427318573
63,0.16296257078647614
64,0.11566923558712006
65,-0.10784970223903656
66,0.3706931173801422
67,0.2685999572277069
68,-0.10543505847454071
69,-0.3060090243816376
70,-0.14683568477630615
71,0.19908127188682556
72,0.05982670560479164
73,0.07818783819675446
74,0.5970881581306458
75,-0.13128526508808136
76,0.47874751687049866
77,0.40118199586868286
78,-0.431115061044693
79,-0.1439998596906662
80,-0.0483434796333313
81,0.1655675172805786
82,-0.024114081636071205
83,0.35896265506744385
84,0.41647982597351074
85,-0.0599215030670166
86,0.25425204634666443
87,-0.04331463575363159
88,-0.15004205703735352
89,0.1942097395658493
90,0.18564346432685852
91,0.2797890305519104
92,0.20312222838401794
93,0.17729103565216064
94,-0.1413569152355194
95,0.26922541856765747
96,0.45723339915275574
97,-0.10407304763793945
98,0.41253721714019775
99,-0.0610438771545887
100,0.3319891095161438
101,-0.008639772422611713
102,0.09248169511556625
103,0.3143680989742279
104,0.5245336294174194
105,0.23623910546302795
106,0.2539462447166443
107,0.28746938705444336
108,0.288777232170105
109,0.2004319131374359
110,-0.14032895863056183
111,-0.004438300151377916
112,-0.03345702961087227
113,0.1334162950515747
114,0.08520001173019409
115,0.09282026439905167
116,0.1722591519355774
117,0.024425344541668892
118,0.02289009466767311
119,0.06406942754983902
120,0.18744339048862457
121,0.035763561725616455
122,0.3966622054576874
123,0.21401798725128174
124,-0.023500174283981323
125,0.0857975110411644
126,0.16967983543872833
127,-0.019631577655673027
128,0.3969680964946747
129,0.03318729251623154
130,0.22240164875984192
131,0.3697294592857361
132,0.16847968101501465
133,0.46098119020462036
134,0.11189835518598557
135,0.15840108692646027
136,0.014048827812075615
137,0.1454780101776123
138,-0.05483953282237053
139,-0.15287670493125916
140,-0.09944530576467514
141,-0.08322413265705109
142,0.34562140703201294
143,-0.09840787947177887
144,0.37574002146720886
145,0.13157698512077332
146,0.02238275669515133
147,0.18102949857711792
148,0.06818060576915741
149,0.10148966312408447
150,-0.04512745887041092
151,-0.15208639204502106
152,0.22710300981998444
153,0.11843915283679962
154,0.3601565957069397
155,0.04928212612867355
156,0.23661980032920837
157,0.5896759033203125
158,0.25111857056617737
159,0.22581997513771057
160,0.05344396457076073
161,-0.028935253620147705
162,0.3034287393093109
163,0.25358009338378906
164,-0.018126051872968674
165,0.29851508140563965
166,0.5067895650863647
167,0.17172525823116302
168,-0.16109518706798553
169,0.45103803277015686
170,0.18359138071537018
171,0.10706678777933121
172,0.2345210462808609
173,0.2251586616039276
174,0.28912240266799927
175,0.14968393743038177
176,0.29316458106040955
177,-0.05090038850903511
178,0.26746100187301636
179,0.006997144781053066
180,0.23712624609470367
181,0.18886065483093262
182,0.19430512189865112
183,0.08277303725481033
184,0.1187852993607521
185,0.6011992692947388
186,-0.022287171334028244
187,0.05053360015153885
188,0.2602854073047638
189,-0.044165413826704025
190,0.22803881764411926
191,0.16744209825992584
192,0.4616735875606537
193,0.2438395768404007
194,0.12453515082597733
195,0.38622793555259705
196,0.42253831028938293
197,0.3799115717411041
198,0.27166539430618286
199,0.08087121695280075
200,0.697571337223053
201,0.25764840841293335
202,-0.027934551239013672
203,0.17441126704216003
204,0.1661836802959442
205,0.01835136115550995
206,0.08944801241159439
207,0.35605350136756897
208,0.3360191881656647
209,0.2791980504989624
210,0.22803150117397308
211,0.2963857352733612
212,0.14665766060352325
213,-0.10362795740365982
214,0.16568346321582794
215,-0.009784127585589886
216,0.39383670687675476
217,0.2514949440956116
218,0.03781500831246376
219,0.23945821821689606
220,0.29413411021232605
221,-0.27259552478790283
222,0.001857998315244913
223,0.6684373617172241
224,0.5524985790252686
225,0.41750475764274597
226,0.16753384470939636
227,0.1100972592830658
228,0.107328861951828
229,0.09086766839027405
230,-0.06487245112657547
231,0.386451780796051
232,0.07270108163356781
233,0.2092858850955963
234,-0.0440627746284008
235,0.248890683054924
236,0.2999243140220642
237,0.04017164185643196
238,0.282436728477478
239,0.3224015533924103
240,0.3790874779224396
241,0.0019236031221225858
242,0.3748929798603058
243,0.3075345456600189
244,-0.058627475053071976
245,0.10799863189458847
246,0.14031203091144562
247,0.0760425478219986
248,0.4880524277687073
249,0.5157335996627808
250,-0.056591447442770004
251,0.37414923310279846
252,0.29512831568717957
253,0.02853982150554657
254,0.17873112857341766
255,0.07121246308088303
256,0.4012088179588318
257,0.04206958785653114
258,0.35791733860969543
259,0.22198650240898132
260,0.14421747624874115
261,0.32091259956359863
262,0.1721303015947342
263,0.20013955235481262
264,0.33605682849884033
265,0.430245965719223
266,0.10321824252605438
267,0.12337857484817505
268,0.3751901686191559
269,0.30598723888397217
270,0.38363081216812134
271,0.027045901864767075
272,0.02598167583346367
273,0.28376269340515137
274,-0.196206733584404
275,-0.12989814579486847
276,0.02223912999033928
277,0.1174028217792511
278,0.406815767288208
279,0.3381515443325043
280,0.2518853545188904
281,0.10830716043710709
282,0.07247279584407806
283,0.037641774863004684
284,0.18484610319137573
285,-0.056935276836156845
286,-0.36347538232803345
287,0.22727195918560028
288,-0.06808702647686005
289,0.06729186326265335
290,0.41510283946990967
291,0.5243105888366699
292,0.20911891758441925
293,0.4201638996601105
294,0.00760280154645443
295,0.3155074417591095
296,0.152868390083313
297,0.36889082193374634
298,0.1694161295890808
299,0.1552564650774002
300,0.0443236380815506
301,0.27581116557121277
302,0.3303574025630951
303,-0.10054593533277512
304,0.1775038242340088
305,-0.028776157647371292
306,0.24982120096683502
307,0.17752675712108612
308,0.03229810670018196
309,0.2684783339500427
310,0.3292470872402191
311,0.40182918310165405
312,0.5718087553977966
313,0.04116509109735489
314,0.1757873147726059
315,0.15277259051799774
316,0.4288155436515808
317,0.5010911822319031
318,0.13876572251319885
319,0.3233220875263214
320,0.4337875545024872
321,0.1884423941373825
322,0.5578063726425171
323,0.0049107810482382774
324,0.32301652431488037
325,-0.1513006091117859
326,0.13752473890781403
327,-0.26787054538726807
328,0.43920615315437317
329,0.267464816570282
330,0.39668428897857666
331,0.345536470413208
332,0.352138876914978
333,0.3805844187736511
334,-0.17645016312599182
335,0.037246860563755035
336,0.38045287132263184
337,0.22344057261943817
338,0.24024538695812225
339,0.12962643802165985
340,0.31191420555114746
341,0.3903904855251312
342,0.4422282874584198
343,0.24747322499752045
344,0.10028150677680969
345,0.1966256946325302
346,0.14924149215221405
347,0.4239092469215393
348,0.534604549407959
349,0.173286572098732
350,0.1659732162952423
351,-0.10129692405462265
352,0.43328115344047546
353,0.04360233619809151
354,0.1477242112159729
355,0.22620980441570282
356,0.15642857551574707
357,0.515667736530304
358,-0.26187896728515625
359,0.5370852947235107
360,0.005721184890717268
361,0.04188795015215874
362,0.3698868453502655
363,0.2680220305919647
364,0.4542020857334137
365,-0.028016667813062668
366,0.5362585186958313
367,0.38201865553855896
368,0.3542267084121704
369,0.17358842492103577
370,0.5229347348213196
371,0.0822526067495346
372,0.09747575223445892
373,0.5659182071685791
374,0.21290352940559387
375,0.4024392366409302
376,0.31555265188217163
377,0.3846336603164673
378,0.5931172370910645
379,0.5185929536819458
380,0.5060569047927856
381,0.054290201514959335
382,0.08920450508594513
383,0.2188381850719452
384,0.06630115211009979
385,0.11383204907178879
386,0.36689338088035583
387,-0.05851161107420921
388,0.40447697043418884
389,0.22083288431167603
390,0.03924353048205376
391,-0.05142071470618248
392,0.05809886381030083
393,0.3252115249633789
394,-0.058125317096710205
395,0.2622719705104828
396,0.3699948787689209
397,0.25771987438201904
398,0.33031073212623596
399,-0.060900185257196426
400,0.22734113037586212
401,0.35110390186309814
402,0.6399654150009155
403,-0.16503220796585083
404,0.202116921544075
405,0.20013776421546936
406,0.44530442357063293
407,0.22657117247581482
408,0.27924925088882446
409,0.14961875975131989
410,0.2202034592628479
411,0.11899776756763458
412,0.2446444183588028
413,0.16323405504226685
414,0.5874424576759338
415,0.3768424391746521
416,0.31549009680747986
417,0.3346909284591675
418,0.30673298239707947
419,0.5810113549232483
420,0.3375074863433838
421,-0.03351479396224022
422,-0.0958012044429779
423,0.6489980220794678
424,0.22416937351226807
425,0.3702545762062073
426,0.13687936961650848
427,0.23256438970565796
428,0.23834894597530365
429,0.5405039191246033
430,0.5541115403175354
431,-0.0009686544071882963
432,0.5093896985054016
433,0.3463873863220215
434,0.4694240987300873
435,0.3624882698059082
436,0.23847080767154694
437,0.110837422311306
438,0.2380015105009079
439,0.24120508134365082
440,0.20069709420204163
441,0.13843601942062378
442,0.7029030919075012
443,0.023502733558416367
444,0.04531783610582352
445,0.06240785866975784
446,0.029377803206443787
447,0.1853232979774475
448,0.14068154990673065
449,0.29821115732192993
450,0.19414667785167694
451,0.3282168507575989
452,0.1037115752696991
453,0.45428815484046936
454,0.04575946927070618
455,0.5328230261802673
456,0.20191729068756104
457,0.5310805439949036
458,0.19192519783973694
459,0.5226009488105774
460,0.45865902304649353
461,0.29855334758758545
462,0.40728768706321716
463,0.36914026737213135
464,0.2918112277984619
465,0.07292089611291885
466,-0.02372628264129162
467,0.15563566982746124
468,0.1561758667230606
469,0.45705509185791016
470,0.23519480228424072
471,0.3504508435726166
472,0.17391136288642883
473,0.3439045548439026
474,0.367511123418808
475,0.24915330111980438
476,0.18991532921791077
477,0.23979565501213074
478,0.23940107226371765
479,-0.09881352633237839
480,-0.028736835345625877
481,-0.10004167258739471
482,0.3006984293460846
483,0.5864301919937134
484,0.1252908706665039
485,-0.07096687704324722
486,0.38199615478515625
487,0.6238071918487549
488,0.316658079624176
489,0.16396751999855042
490,-0.07092738896608353
491,0.5477800965309143
492,0.1590968370437622
493,0.5144144892692566
494,0.5226515531539917
495,-0.00828237272799015
496,0.6657021641731262
497,0.43805795907974243
498,0.14314724504947662
499,0.08809539675712585
500,0.15790747106075287
501,0.6400723457336426
502,0.035380154848098755
503,0.09448064863681793
504,0.08520399034023285
505,0.12457045912742615
506,0.32942867279052734
507,-0.16255439817905426
508,0.3766537308692932
509,0.33626464009284973
510,0.23385556042194366
511,0.47008615732192993
512,0.14007414877414703
513,0.7261205315589905
514,0.28403666615486145
515,-0.13343545794487
516,0.4177892208099365
517,-0.15942028164863586
518,0.2802819609642029
519,0.25511041283607483
520,0.37533387541770935
521,0.2653435170650482
522,0.5971029996871948
523,0.37054458260536194
524,0.7136403322219849
525,0.21670515835285187
526,0.45923393964767456
527,0.14287211000919342
528,0.022218195721507072
529,0.2792203724384308
530,-0.03970711678266525
531,0.1079600602388382
532,0.579630434513092
533,0.4872102439403534
534,0.830209493637085
535,0.42179709672927856
536,-0.1036025807261467
537,0.5504264831542969
538,0.41049134731292725
539,0.45943185687065125
540,0.2769283354282379
541,0.15760725736618042
542,0.4135538935661316
543,0.4787083864212036
544,0.5975553393363953
545,0.3487986624240875
546,0.04267051815986633
547,0.5814809799194336
548,0.6348286271095276
549,-0.3217695653438568
550,0.5756915211677551
551,0.24061986804008484
552,-0.013525638729333878
553,0.4377903640270233
554,0.22682099044322968
555,0.26194310188293457
556,0.6877967715263367
557,0.13824845850467682
558,0.07982572168111801
559,0.1267884224653244
560,0.3617917001247406
561,0.2967672049999237
562,-0.0015158491441980004
563,0.1299518644809723
564,0.6225166320800781
565,0.25950220227241516
566,0.3925701975822449
567,0.23376430571079254
568,0.4044794738292694
569,0.573016881942749
570,-0.11964448541402817
571,-0.007674988359212875
572,0.2042302042245865
573,-0.18662568926811218
574,0.16849274933338165
575,0.5703164339065552
576,0.18697583675384521
577,0.2919861376285553
578,0.08003367483615875
579,0.6793400049209595
580,0.43206658959388733
581,0.4452851712703705
582,0.4696529507637024
583,0.38343000411987305
584,0.5715377926826477
585,0.18189382553100586
586,0.7617574334144592
587,0.8616822957992554
588,0.17837505042552948
589,0.26581650972366333
590,-0.019238358363509178
591,0.38056516647338867
592,-0.0008946647867560387
593,0.41936928033828735
594,0.6085566282272339
595,0.539312481880188
596,0.618086576461792
597,0.25351855158805847
598,0.08672882616519928
599,-0.012559630908071995
600,0.1442805379629135
601,0.4137919843196869
602,0.05189353972673416
603,0.035294774919748306
604,0.11817903071641922
605,0.17903020977973938
606,-0.15188324451446533
607,0.3738860785961151
608,-0.05718332901597023
609,0.4135288596153259
610,0.42765817046165466
611,0.46814945340156555
612,0.1650858372449875
613,0.2743612825870514
614,0.4838272035121918
615,0.0545271560549736
616,0.7489286065101624
617,0.6912921071052551
618,0.5437718033790588
619,0.7390694618225098
620,0.6495856046676636
621,0.18285682797431946
622,0.2822228968143463
623,0.0314626544713974
624,0.31787949800491333
625,0.5960851907730103
626,-0.021482128649950027
627,0.2049403190612793
628,0.2410886138677597
629,0.18474853038787842
630,0.39228761196136475
631,0.9300482273101807
632,0.08176332712173462
633,0.37876957654953003
634,0.3421842157840729
635,0.598066508769989
636,0.09214982390403748
637,0.07546607404947281
638,0.4010581374168396
639,-0.2835761308670044
640,0.27136072516441345
641,0.1716037392616272
642,0.26151683926582336
643,0.3299284875392914
644,0.5648511648178101
645,0.1741422861814499
646,0.17760919034481049
647,-0.10735812783241272
648,0.23635654151439667
649,-0.18891242146492004
650,0.1603572964668274
651,0.3471582531929016
652,0.5801045894622803
653,0.4621850252151489
654,0.34431779384613037
655,0.6976491212844849
656,-0.31364887952804565
657,-0.046387702226638794
658,0.047130707651376724
659,-0.07296865433454514
660,0.0756470337510109
661,0.5255018472671509
662,0.7308485507965088
663,0.24184468388557434
664,0.21796873211860657
665,0.21769505739212036
666,0.006338401231914759
667,0.5500317215919495
668,-0.03318599984049797
669,0.03145568445324898
670,0.4324147403240204
671,0.635890543460846
672,0.36296847462654114
673,0.3025795519351959
674,-0.17963695526123047
675,0.37744373083114624
676,0.36404916644096375
677,0.21824119985103607
678,0.29368576407432556
679,0.005147723481059074
680,0.46759116649627686
681,0.7679368853569031
682,0.13455082476139069
683,0.24011144042015076
684,0.1525469720363617
685,0.7964382767677307
686,0.06670369952917099
687,0.09807971864938736
688,0.2656688392162323
689,0.4401320219039917
690,0.3414030075073242
691,0.0065551758743822575
692,0.5622914433479309
693,0.5993424654006958
694,0.37325161695480347
695,-0.16090625524520874
696,0.4036599099636078
697,0.2853569984436035
698,0.6306331753730774
699,0.7273997664451599
700,0.7224518656730652
701,0.18498645722866058
702,0.4644570052623749
703,0.038410063832998276
704,0.6033703684806824
705,0.6235330104827881
706,0.023824097588658333
707,0.42793112993240356
708,0.43390265107154846
709,0.6057339906692505
710,0.22639472782611847
711,0.3560769259929657
712,0.5142830014228821
713,-0.06896377354860306
714,-0.0621170736849308
715,0.2449735552072525
716,0.40802326798439026
717,0.4230555295944214
718,0.16954666376113892
719,0.12544116377830505
720,0.4607568681240082
721,0.07220359891653061
722,0.5815788507461548
723,0.5327959656715393
724,0.5742186307907104
725,0.04528652876615524
726,0.5443922877311707
727,0.23821532726287842
728,0.5275465846061707
729,0.41888266801834106
730,0.5064523816108704
731,0.5299131274223328
732,0.12915755808353424
733,-0.0488617941737175
734,0.3066836893558502
735,-0.005740015301853418
736,0.2928679585456848
737,0.09334582090377808
738,0.5523136854171753
739,0.4340610206127167
740,0.5487189888954163
741,-0.1700480729341507
742,0.33236372470855713
743,0.20959681272506714
744,0.04774119704961777
745,0.3652729392051697
746,0.7444202303886414
747,0.5483151078224182
748,0.6231006383895874
749,-0.015758587047457695
750,0.20325051248073578
751,0.07064424455165863
752,0.04851866140961647
753,0.5170915722846985
754,0.7166793346405029
755,0.5547055006027222
756,0.661222517490387
757,0.19147813320159912
758,0.27266186475753784
759,0.3950599133968353
760,0.06003361940383911
761,0.46243584156036377
762,0.045514389872550964
763,0.24683551490306854
764,0.5133788585662842
765,0.13968537747859955
766,0.42956188321113586
767,-0.05690579488873482
768,0.6427263021469116
769,-0.1365320086479187
770,0.3114691972732544
771,0.7257863879203796
772,0.5926183462142944
773,0.33147794008255005
774,0.54127436876297
775,0.17888246476650238
776,-0.09434519708156586
777,0.5752297639846802
778,0.2990838587284088
779,0.2993094027042389
780,0.7488725781440735
781,0.6001193523406982
782,0.5170565843582153
783,0.2691015303134918
784,0.3112681806087494
785,0.36555641889572144
786,0.5098172426223755
787,0.45743948221206665
788,-0.14625222980976105
789,0.4605697989463806
790,0.21609081327915192
791,0.09200304746627808
792,0.7399819493293762
793,0.5633130669593811
794,0.9039941430091858
795,0.3430481553077698
796,0.10959597676992416
797,0.20844952762126923
798,0.07219229638576508
799,-0.04254890978336334
800,0.0993092805147171
801,0.26325523853302
802,0.2342299222946167
803,0.6239621639251709
804,0.23159505426883698
805,-0.14447204768657684
806,0.17843545973300934
807,0.13983994722366333
808,0.7088538408279419
809,0.07775118201971054
810,0.20242857933044434
811,0.004452728666365147
812,0.3719959855079651
813,0.47164663672447205
814,0.34227699041366577
815,0.14230439066886902
816,0.5527598261833191
817,-0.3502345383167267
818,0.09591715037822723
819,0.6734738349914551
820,0.3838861286640167
821,-0.1475507766008377
822,0.540002703666687
823,0.1277545690536499
824,0.17992395162582397
825,-0.12060724198818207
826,0.5624322295188904
827,0.22707775235176086
828,0.11251422762870789
829,0.42528221011161804
830,0.1550624668598175
831,0.5021481513977051
832,0.15724480152130127
833,0.329889178276062
834,0.5302375555038452
835,0.5195537209510803
836,0.4490024745464325
837,0.12911391258239746
838,0.3056620657444
839,0.2648846507072449
840,0.3335149884223938
841,0.38028645515441895
842,0.536167323589325
843,0.3035217821598053
844,0.3842644691467285
845,0.44253450632095337
846,0.5252494215965271
847,0.27522367238998413
848,0.7362661957740784
849,0.6399879455566406
850,0.08942651748657227
851,0.49557560682296753
852,0.28195539116859436
853,0.15434731543064117
854,0.5161269307136536
855,0.3957483768463135
856,0.6858220100402832
857,0.4586804211139679
858,-0.25319337844848633
859,0.5220209360122681
860,-0.05580943822860718
861,-0.10882668197154999
862,0.3446357250213623
863,0.0670263022184372
864,0.223021999001503
865,0.4097888469696045
866,0.21922868490219116
867,0.29763102531433105
868,0.6239988207817078
869,0.16966566443443298
870,0.5876649618148804
871,0.5276364684104919
872,-0.009197329171001911
873,0.19734902679920197
874,0.06828970462083817
875,0.14448945224285126
876,0.725186824798584
877,0.32561057806015015
878,0.3760581910610199
879,0.02819167822599411
880,0.33953729271888733
881,0.024148041382431984
882,0.36162710189819336
883,-0.11781101673841476
884,0.41323959827423096
885,0.4272997975349426
886,0.21199361979961395
887,0.6592040061950684
888,-0.04290756210684776
889,0.26355063915252686
890,0.30042949318885803
891,0.46605435013771057
892,-0.015522368252277374
893,0.6509286761283875
894,0.2046888768672943
895,0.6233278512954712
896,0.19913440942764282
897,0.3316441476345062
898,-0.2256249189376831
899,0.63995361328125
900,0.3517968952655792
901,0.010117020457983017
902,-0.19511394202709198
903,0.6109593510627747
904,0.5691221356391907
905,-0.09703055024147034
906,0.27470070123672485
907,-0.1366434395313263
908,0.23212029039859772
909,0.17571377754211426
910,0.17231206595897675
911,0.778353214263916
912,-0.07434448599815369
913,0.2116186022758484
914,0.2870805859565735
915,0.02078954502940178
916,0.12055043876171112
917,0.1315395087003708
918,0.4833245575428009
919,-0.024725792929530144
920,0.21393492817878723
921,0.03895052522420883
922,0.2667754888534546
923,0.3933020532131195
924,0.5229145884513855
925,-0.40103423595428467
926,0.7261724472045898
927,0.34690505266189575
928,0.27988213300704956
929,0.016681084409356117
930,0.2831798493862152
931,0.3092212975025177
932,0.5168544054031372
933,-0.1270153522491455
934,0.5423498153686523
935,-0.3353561460971832
936,0.19952483475208282
937,0.29102805256843567
938,0.32312217354774475
939,0.4917254149913788
940,0.5131427645683289
941,0.4743759036064148
942,0.17027252912521362
943,0.24094437062740326
944,0.17322386801242828
945,0.10790742933750153
946,0.32069942355155945
947,0.16088563203811646
948,-0.04771861806511879
949,0.41975611448287964
950,0.16559793055057526
951,0.49791327118873596
952,0.10220237076282501
953,0.49426528811454773
954,0.21203289926052094
955,0.5052974820137024
956,0.5806022882461548
957,0.6118613481521606
958,0.5184746384620667
959,0.1452396810054779
960,0.44361063838005066
961,-0.2434108853340149
962,0.27772581577301025
963,-0.15262165665626526
964,0.3590318560600281
965,0.24259136617183685
966,0.5381959080696106
967,0.23854807019233704
968,-0.017241885885596275
969,0.2313576191663742
970,0.5659886598587036
971,0.5084900856018066
972,-0.09645038098096848
973,0.11048135906457901
974,0.5862317681312561
975,0.6866919994354248
976,-0.25530630350112915
977,0.6301929354667664
978,0.7429848313331604
979,0.4165705740451813
980,0.1305730789899826
981,0.419463187456131
982,-0.0532507449388504
983,0.14212344586849213
984,0.3831586241722107
985,0.16017259657382965
986,0.19880887866020203
987,0.17922541499137878
988,0.591832160949707
989,0.4079626798629761
990,0.4008270800113678
991,0.3721512258052826
992,0.4940144419670105
993,-0.09482013434171677
994,0.60227370262146
995,0.1922711879014969
996,0.46877551078796387
997,0.19472040235996246
998,0.6870165467262268
999,0.2019706517457962
1000,0.14955221116542816
1001,0.6316311359405518
1002,0.21502406895160675
1003,-0.23932868242263794
1004,0.11679478734731674
1005,0.6494010090827942
1006,0.5511966347694397
1007,0.12305636703968048
1008,0.2548704445362091
1009,0.5451160073280334
1010,0.7775216102600098
1011,-0.05491608381271362
1012,0.48637518286705017
1013,-0.17150726914405823
1014,0.20009557902812958
1015,0.7885372042655945
1016,0.09325926005840302
1017,0.2345900535583496
1018,0.6550506353378296
1019,0.1522088497877121
1020,0.3655768632888794
1021,0.5775587558746338
1022,0.4388079345226288
1023,0.7622752785682678
1024,0.27264583110809326
1025,-0.039283499121665955
1026,0.7192957401275635
1027,0.4437427520751953
1028,0.43357589840888977
1029,-0.14304521679878235
1030,0.07290421426296234
1031,0.5462086796760559
1032,0.09612997621297836
1033,0.028883444145321846
1034,0.21484242379665375
1035,0.16768141090869904
1036,-0.07301963120698929
1037,0.6585131287574768
1038,0.37182870507240295
1039,0.4702574908733368
1040,0.6544340252876282
1041,0.4932914972305298
1042,0.01977553591132164
1043,0.22653748095035553
1044,0.5085516571998596
1045,0.22956258058547974
1046,0.22979283332824707
1047,0.45388486981391907
1048,0.66098552942276
1049,0.4538079798221588
1050,0.5567299723625183
1051,0.5179716944694519
1052,0.18784557282924652
1053,0.7500649690628052
1054,0.07339123636484146
1055,0.26324737071990967
1056,0.4310794472694397
1057,0.22257037460803986
1058,0.013436933048069477
1059,0.03918527439236641
1060,-0.1299944370985031
1061,0.09808435291051865
1062,0.48693540692329407
1063,0.03879429027438164
1064,0.3367311358451843
1065,0.33426761627197266
1066,0.19531255960464478
1067,0.23647168278694153
1068,0.104915551841259
1069,0.3559655547142029
1070,-0.19950135052204132
1071,0.11383156478404999
1072,0.09306655079126358
1073,0.7201747894287109
1074,0.2602406442165375
1075,0.08064410835504532
1076,0.13727617263793945
1077,0.5600975155830383
1078,0.0026274574920535088
1079,-0.25738415122032166
1080,0.30321192741394043
1081,-0.45428210496902466
1082,0.10791239887475967
1083,0.7139273881912231
1084,0.6123239994049072
1085,0.185135617852211
1086,-0.08348225802183151
1087,0.2387528121471405
1088,0.36766406893730164
1089,0.8233104348182678
1090,0.2638724446296692
1091,-0.10442445427179337
1092,0.35187700390815735
1093,0.6792518496513367
1094,0.10869845747947693
1095,0.5878340005874634
1096,0.1042146384716034
1097,0.09380359947681427
1098,0.7633631229400635
1099,0.025113798677921295
1100,0.6669837236404419
1101,0.19121374189853668
1102,0.8305330872535706
1103,0.5641759037971497
1104,0.5955156683921814
1105,0.7013216018676758
1106,0.4933350086212158
1107,0.0575840026140213
1108,0.06579316407442093
1109,0.22523869574069977
1110,0.5538305044174194
1111,0.2998940348625183
1112,0.27139222621917725
1113,0.38384172320365906
1114,0.37960129976272583
1115,-0.251362144947052
1116,0.30281728506088257
1117,0.5240232944488525
1118,0.329091340303421
1119,0.01052844151854515
1120,0.12829311192035675
1121,-0.01999194361269474
1122,0.14161427319049835
1123,0.29035648703575134
1124,-0.21600934863090515
1125,-0.20598241686820984
1126,0.9374756813049316
1127,0.39692017436027527
1128,0.30662357807159424
1129,0.1722109317779541
1130,-0.15804637968540192
1131,-0.0009227246628142893
1132,0.8235421180725098
1133,0.3504304587841034
1134,0.6517603397369385
1135,0.7642687559127808
1136,0.22399882972240448
1137,-0.18618743121623993
1138,0.7096670866012573
1139,0.18346472084522247
1140,0.3632456362247467
1141,0.4372117221355438
1142,0.8980498909950256
1143,0.5776227712631226
1144,0.8033621907234192
1145,0.6414559483528137
1146,0.36827826499938965
1147,0.04864542558789253
1148,-0.02827138453722
1149,-0.07447510212659836
1150,0.04473771154880524
1151,0.14502468705177307
1152,0.006875066086649895
1153,0.12185001373291016
1154,0.28102901577949524
1155,0.27807411551475525
1156,0.1654515415430069
1157,0.2497462034225464
1158,-0.016118157655000687
1159,0.053962528705596924
1160,0.6901077628135681
1161,0.7756959199905396
1162,-0.02832866460084915
1163,0.040242601186037064
1164,0.1759180724620819
1165,0.47099360823631287
1166,0.5696818232536316
1167,0.1849525421857834
1168,-0.22697637975215912
1169,0.6347859501838684
1170,0.3151794672012329
1171,0.4495887756347656
1172,0.5852007269859314
1173,0.04776052013039589
1174,-0.14519385993480682
1175,0.0027290754951536655
1176,0.7273421883583069
1177,0.9015268683433533
1178,0.3733409643173218
1179,-0.04538005590438843
1180,0.17746347188949585
1181,0.20882192254066467
1182,0.7299950122833252
1183,0.8461285829544067
1184,0.7445071935653687
1185,0.7422870397567749
1186,0.6131231784820557
1187,0.19858868420124054
1188,-0.04680202528834343
1189,-0.043840520083904266
1190,-0.028048990294337273
1191,0.0013500680215656757
1192,-0.18339207768440247
1193,0.49911990761756897
1194,0.4453533887863159
1195,0.13966776430606842
1196,-0.021406877785921097
1197,0.90413898229599
1198,0.3665374219417572
1199,0.017724741250276566
1200,0.803090512752533
1201,0.5990397930145264
1202,0.3778154253959656
1203,0.03849751874804497
1204,0.5744268298149109
1205,0.6450390219688416
1206,0.41986972093582153
1207,0.6632025241851807
1208,0.7339460849761963
1209,-0.04227101057767868
1210,0.6780771017074585
1211,0.4294881522655487
1212,0.5721126794815063
1213,0.3512982726097107
1214,0.7227824926376343
1215,0.29542165994644165
1216,0.8569534420967102
1217,0.17988361418247223
1218,0.43617406487464905
1219,-0.10123923420906067
1220,0.9557495713233948
1221,-0.0626189112663269
1222,0.20208391547203064
1223,0.6150813698768616
1224,0.44877681136131287
1225,0.38578927516937256
1226,0.7321903109550476
1227,0.4157824218273163
1228,0.09007982164621353
1229,-0.11162569373846054
1230,0.54292893409729
1231,0.14397086203098297
1232,0.6874402165412903
1233,0.4270058572292328
1234,-0.06187157705426216
1235,0.40509742498397827
1236,0.03418177366256714
1237,0.6971713900566101
1238,-0.197233647108078
1239,0.6396582722663879
1240,0.4675352871417999
1241,0.07904072105884552
1242,0.1269397735595703
1243,0.5917652249336243
1244,0.382662832736969
1245,0.5247570872306824
1246,0.1750050187110901
1247,0.5483910441398621
1248,0.0033920228015631437
1249,0.10444560647010803
1250,0.2756845951080322
1251,-0.05796859785914421
1252,0.26371651887893677
1253,0.3462193012237549
1254,0.39930444955825806
1255,0.39058101177215576
1256,0.04571212828159332
1257,0.9583383202552795
1258,0.02834584005177021
1259,0.14009815454483032
1260,0.1959691345691681
1261,0.43263596296310425
1262,0.6630905270576477
1263,0.47736772894859314
1264,0.1478700041770935
1265,0.9131401181221008
1266,-0.009670077823102474
1267,0.6053217649459839
1268,0.30112355947494507
1269,0.0902838408946991
1270,0.7294374704360962
1271,0.017202038317918777
1272,0.36314550042152405
1273,0.7653124332427979
1274,0.5199709534645081
1275,0.8192351460456848
1276,0.46591252088546753
1277,0.5137895345687866
1278,0.3266070485115051
1279,0.36236393451690674
1280,0.20602372288703918
1281,0.36777088046073914
1282,0.6160390973091125
1283,-0.039409104734659195
1284,0.881374716758728
1285,0.33305278420448303
1286,-0.06727921217679977
1287,0.31305256485939026
1288,0.48169609904289246
1289,0.14142067730426788
1290,0.3878136873245239
1291,0.052412424236536026
1292,0.24820224940776825
1293,0.12058403342962265
1294,0.6459700465202332
1295,0.11630217730998993
1296,-0.011664202436804771
1297,0.2422013282775879
1298,-0.09357555210590363
1299,0.2680341303348541
1300,0.42520278692245483
1301,0.2392294704914093
1302,0.08716346323490143
1303,-0.3283468782901764
1304,0.5294034481048584
1305,0.04249788448214531
1306,0.5327368974685669
1307,-0.2162807583808899
1308,-0.040581680834293365
1309,0.426428884267807
1310,-0.30487123131752014
1311,0.7723252773284912
1312,0.6111807227134705
1313,0.7813546061515808
1314,0.1842779815196991
1315,0.6144593358039856
1316,0.404953271150589
1317,0.24788202345371246
1318,0.8151888251304626
1319,0.1804414838552475
1320,0.18797270953655243
1321,0.8682686686515808
1322,0.3239209055900574
1323,0.3963020145893097
1324,-0.2295786291360855
1325,-0.006975756958127022
1326,0.8212333917617798
1327,0.16665522754192352
1328,0.3873095214366913
1329,0.45794913172721863
1330,0.4585234522819519
1331,0.6254805326461792
1332,0.8326853513717651
1333,0.5789186358451843
1334,0.0801997259259224
1335,0.3792770802974701
1336,0.8737697005271912
1337,0.445176899433136
1338,0.6206419467926025
1339,0.6399661898612976
1340,0.19006521999835968
1341,0.3347424268722534
1342,0.41492435336112976
1343,0.6640471816062927
1344,0.8142433762550354
1345,-0.0741492211818695
1346,0.6324273347854614
1347,-0.24494262039661407
1348,0.40209466218948364
1349,0.12639746069908142
1350,-0.2070101946592331
1351,0.8949570655822754
1352,0.2679346799850464
1353,-0.0735061764717102
1354,0.46879008412361145
1355,0.5243639945983887
1356,0.2296956330537796
1357,0.007796177174896002
1358,0.4267731308937073
1359,0.7638522386550903
1360,0.38729217648506165
1361,0.1280835121870041
1362,0.6568014621734619
1363,0.5619170069694519
1364,0.3130818009376526
1365,0.5301485061645508
1366,-0.2517678141593933
1367,0.2637042701244354
1368,-0.19602082669734955
1369,0.2030196636915207
1370,0.5596004128456116
1371,0.9097170233726501
1372,0.010213949717581272
1373,0.4487922787666321
1374,0.46070295572280884
1375,0.7874068021774292
1376,-0.5371767282485962
1377,-0.03833051025867462
1378,0.25311505794525146
1379,0.31907981634140015
1380,-0.20698793232440948
1381,0.32793253660202026
1382,0.9625371098518372
1383,0.8147153258323669
1384,0.8269220590591431
1385,0.36952194571495056
1386,0.9226075410842896
1387,0.39941316843032837
1388,0.4262892007827759
1389,-0.08680995553731918
1390,0.15787650644779205
1391,0.6430569887161255
1392,0.7593674063682556
1393,0.11144401878118515
1394,0.64974445104599
1395,0.33168041706085205
1396,-0.10618165135383606
1397,0.5627390742301941
1398,0.6433574557304382
1399,0.14721238613128662
1400,0.2894897758960724
1401,0.5280620455741882
1402,0.46316832304000854
1403,0.23440122604370117
1404,0.0592629574239254
1405,-0.10138556361198425
1406,0.27738502621650696
1407,0.004939430858939886
1408,0.522484302520752
1409,0.3823453485965729
1410,0.16265711188316345
1411,0.8787094950675964
1412,0.6577656269073486
1413,0.5749474167823792
1414,0.6468366384506226
1415,0.29402875900268555
1416,0.43536749482154846
1417,0.06869944930076599
1418,0.7112762331962585
1419,0.6553943753242493
1420,0.3030436038970947
1421,0.5801519751548767
1422,0.1380855292081833
1423,0.4275464117527008
1424,-0.02393353544175625
1425,0.21325720846652985
1426,0.5595314502716064
1427,-0.008421610109508038
1428,-0.1275348961353302
1429,-0.05737939849495888
1430,-0.06852201372385025
1431,0.04603195562958717
1432,0.6395524144172668
1433,-0.04869082197546959
1434,0.28250762820243835
1435,0.0847289189696312
1436,0.6148521304130554
1437,-0.04860619083046913
1438,0.560282826423645
1439,0.3777201175689697
1440,0.860029935836792
1441,0.7662317156791687
1442,0.4941510558128357
1443,0.7997667193412781
1444,-0.15156036615371704
1445,0.26453274488449097
1446,0.7652395367622375
1447,0.5980226397514343
1448,0.34920328855514526
1449,0.8532887101173401
1450,0.02015329897403717
1451,0.22600455582141876
1452,0.4609086811542511
1453,0.30817070603370667
1454,0.23988854885101318
1455,0.6827525496482849
1456,0.6277211904525757
1457,0.44717955589294434
1458,0.4131278395652771
1459,0.595306932926178
1460,0.12844356894493103
1461,0.7924015522003174
1462,-0.1306353062391281
1463,0.7823700308799744
1464,0.007111741695553064
1465,0.30023428797721863
1466,0.5486609935760498
1467,0.06777641922235489
1468,0.10179757326841354
1469,0.45608311891555786
1470,0.5274863243103027
1471,0.1880970001220703
1472,0.08867819607257843
1473,0.013932133093476295
1474,0.920199990272522
1475,0.21348196268081665
1476,0.5614139437675476
1477,0.16429880261421204
1478,-0.15555806457996368
1479,-0.023786848410964012
1480,0.4919919967651367
1481,0.3321622908115387
1482,-0.12396842241287231
1483,0.06196809187531471
1484,0.119875967502594
1485,-0.30621445178985596
1486,-0.16838066279888153
1487,0.500346839427948
1488,-0.15288472175598145
1489,0.5062763094902039
1490,0.04722484573721886
1491,-0.0864860787987709
1492,0.4822341501712799
1493,-0.18205921351909637
1494,-0.045742813497781754
1495,0.11630956083536148
1496,0.08199630677700043
1497,0.07894591242074966
1498,0.2118615359067917
1499,0.8631702065467834
1500,0.4451892673969269
1501,0.2614259421825409
1502,0.5552164316177368
1503,-0.14416421949863434
1504,-0.018960459157824516
1505,0.0854930430650711
1506,0.6747912764549255
1507,0.15622784197330475
1508,0.4106243848800659
1509,0.1565881371498108
1510,0.5398352146148682
1511,0.2592550814151764
1512,0.5250234603881836
1513,0.7983518242835999
1514,-0.13812454044818878
1515,0.52092444896698
1516,0.4962538480758667
1517,0.249703511595726
1518,0.042030248790979385
1519,0.5496584177017212
1520,0.7342345714569092
1521,0.7531629204750061
1522,0.20905578136444092
1523,0.1284542828798294
1524,0.06288362294435501
1525,0.475993812084198
1526,0.15204596519470215
1527,0.5962148904800415
1528,0.3428325653076172
1529,-0.014921434223651886
1530,0.828527569770813
1531,0.3848865330219269
1532,0.14914673566818237
1533,0.23740975558757782
1534,0.962812066078186
1535,0.5255559682846069
1536,0.4337293803691864
1537,0.19662806391716003
1538,-0.06299498677253723
1539,0.2844192385673523
1540,0.0852055624127388
1541,0.43277084827423096
1542,0.09816388785839081
1543,0.06989666074514389
1544,0.020622633397579193
1545,0.07543487101793289
1546,0.027403241023421288
1547,0.436367005109787
1548,0.07749199867248535
1549,0.3493604362010956
1550,0.6949920058250427
1551,0.19475549459457397
1552,0.314253568649292
1553,-0.2639002203941345
1554,0.7191956043243408
1555,0.6924358606338501
1556,0.6036581993103027
1557,0.31147873401641846
1558,0.05631623417139053
1559,0.9175857305526733
1560,-0.03518380597233772
1561,-0.31622204184532166
1562,0.5750721096992493
1563,0.07309293001890182
1564,0.6730284690856934
1565,0.8419972658157349
1566,0.6780689358711243
1567,-0.05248182266950607
1568,0.11450983583927155
1569,0.3153325021266937
1570,0.14471997320652008
1571,0.7681831121444702
1572,0.12044890224933624
1573,0.6953198313713074
1574,-0.0420687198638916
1575,0.7777256369590759
1576,0.5945066809654236
1577,0.335664302110672
1578,0.36162593960762024
1579,0.2348567247390747
1580,-0.01808665134012699
1581,-0.2556799352169037
1582,0.15789516270160675
1583,0.3900088965892792
1584,-0.26183539628982544
1585,0.24336695671081543
1586,0.4594927728176117
1587,-0.22714710235595703
1588,-0.5036766529083252
1589,-0.12253869324922562
1590,0.503046989440918
1591,0.29469582438468933
1592,0.20082667469978333
1593,0.3681736886501312
1594,0.24322988092899323
1595,0.2559702694416046
1596,0.23624469339847565
1597,0.5969740748405457
1598,0.8473626375198364
1599,0.877068042755127
1600,0.3360283672809601
1601,0.09707579761743546
1602,0.4312947988510132
1603,0.8108140230178833
1604,0.549978494644165
1605,0.6546697616577148
1606,0.13951803743839264
1607,0.08353300392627716
1608,0.3303910493850708
1609,0.30333101749420166
1610,0.12135183066129684
1611,0.21826449036598206
1612,0.06944341212511063
1613,0.8575959801673889
1614,0.7969986796379089
1615,0.6116065979003906
1616,0.19130662083625793
1617,0.7788249254226685
1618,0.6084979772567749
1619,0.533675491809845
1620,0.49598416686058044
1621,0.2124752253293991
1622,0.7712221741676331
1623,0.24211004376411438
1624,0.28830984234809875
1625,0.25427258014678955
1626,0.42219433188438416
1627,0.43539583683013916
1628,0.5001892447471619
1629,0.8833785057067871
1630,0.7482191324234009
1631,0.4032406210899353
1632,-0.011979004368185997
1633,0.6155464053153992
1634,0.33740001916885376
1635,-0.18558719754219055
1636,0.22314701974391937
1637,0.07370832562446594
1638,0.1279761642217636
1639,0.5464990139007568
1640,0.07690463960170746
1641,0.21861694753170013
1642,0.7171110510826111
1643,0.46008503437042236
1644,0.22404539585113525
1645,0.3093177378177643
1646,0.07592394202947617
1647,0.4246346354484558
1648,0.6567143797874451
1649,0.49320292472839355
1650,0.8730490803718567
1651,0.7399800419807434
1652,0.5952196717262268
1653,0.35188692808151245
1654,0.903607964515686
1655,0.20358115434646606
1656,0.8318389654159546
1657,-0.039936844259500504
1658,-0.3207080066204071
1659,0.023008473217487335
1660,-0.190264031291008
1661,0.2371741682291031
1662,0.8135889172554016
1663,-0.025865746662020683
1664,0.40549933910369873
1665,0.523061990737915
1666,0.48430895805358887
1667,0.33357757329940796
1668,0.6046920418739319
1669,-0.03407222405076027
1670,0.5629867315292358
1671,0.6467549800872803
1672,0.4766925275325775
1673,0.2571551501750946
1674,0.26166975498199463
1675,0.28950315713882446
1676,-0.21394728124141693
1677,-0.12349018454551697
1678,-0.20795176923274994
1679,0.0020703186746686697
1680,0.32982397079467773
1681,-0.1848905384540558
1682,0.016857028007507324
1683,0.2190348207950592
1684,0.016755396500229836
1685,0.877764105796814
1686,-0.09334394335746765
1687,0.6568032503128052
1688,0.10894308984279633
1689,-0.3909555673599243
1690,-0.1461542844772339
1691,0.8515072464942932
1692,0.2764730155467987
1693,0.3397466242313385
1694,0.2641063332557678
1695,0.46762701869010925
1696,0.6498626470565796
1697,-0.14783257246017456
1698,0.4754992127418518
1699,0.05629671365022659
1700,0.07941894978284836
1701,0.6567913293838501
1702,0.854242205619812
1703,0.27708908915519714
1704,0.6675945520401001
1705,0.1337820142507553
1706,0.015002015978097916
1707,0.5882222652435303
1708,-0.23659653961658478
1709,-0.2135315090417862
1710,0.07299819588661194
1711,-0.0408392995595932
1712,0.2102612406015396
1713,-0.5356215238571167
1714,0.45067092776298523
1715,0.22345666587352753
1716,0.9061397910118103
1717,0.895456850528717
1718,-0.04095637798309326
1719,0.24912229180335999
1720,0.2857178747653961
1721,0.8508797883987427
1722,0.4265750050544739
1723,0.08170436322689056
1724,0.06539520621299744
1725,0.16870161890983582
1726,-0.007710553705692291
1727,0.12897372245788574
1728,-0.14106161892414093
1729,0.492261677980423
1730,0.14694978296756744
1731,0.9247888922691345
1732,0.586662232875824
1733,0.07767514884471893
1734,0.48542341589927673
1735,0.790428638458252
1736,0.34340694546699524
1737,0.14528346061706543
1738,0.12317164987325668
1739,0.008867700584232807
1740,0.7511794567108154
1741,0.36839258670806885
1742,0.376447468996048
1743,0.3006582260131836
1744,0.46707889437675476
1745,0.9455330967903137
1746,0.3563050329685211
1747,-0.08241450041532516
1748,0.618451714515686
1749,0.03676927089691162
1750,0.8886098265647888
1751,0.27905845642089844
1752,-0.06974963843822479
1753,-0.20998570322990417
1754,-0.0816001445055008
1755,0.01975606381893158
1756,0.9162885546684265
1757,0.23649179935455322
1758,0.16003961861133575
1759,0.6065852642059326
1760,0.1780240535736084
1761,-0.018000151962041855
1762,0.33882227540016174
1763,0.5138844847679138
1764,0.009413189254701138
1765,0.41191643476486206
1766,-0.06759637594223022
1767,0.3501095473766327
1768,0.8686419129371643
1769,0.8384433388710022
1770,0.16094955801963806
1771,0.28866222500801086
1772,0.24887897074222565
1773,0.4959244132041931
1774,0.00679903756827116
1775,0.686485767364502
1776,0.3743312656879425
1777,-0.03770750015974045
1778,-0.011626973748207092
1779,0.8463420867919922
1780,0.45047006011009216
1781,0.24335522949695587
1782,0.1405506283044815
1783,0.05047174170613289
1784,0.5258540511131287
1785,0.41912537813186646
1786,0.5789656639099121
1787,0.21317772567272186
1788,-0.11948414891958237
1789,0.7657777070999146
1790,0.020957259461283684
1791,0.25046396255493164
1792,0.46926644444465637
1793,-0.017820177599787712
1794,0.15319424867630005
1795,0.8180851936340332
1796,0.48915329575538635
1797,0.7761845588684082
1798,0.8531360626220703
1799,0.18141335248947144
1800,0.32562392950057983
1801,0.370922714471817
1802,0.2718248963356018
1803,0.8770421743392944
1804,0.07141920179128647
1805,0.5926403999328613
1806,-0.22908680140972137
1807,0.4199415147304535
1808,0.09251180291175842
1809,0.7247593998908997
1810,0.10063601285219193
1811,0.5612365007400513
1812,0.40419864654541016
1813,0.2529851794242859
1814,0.19489197432994843
1815,0.6322019696235657
1816,0.2769143581390381
1817,0.4699656665325165
1818,0.30511996150016785
1819,0.630386471748352
1820,0.37832939624786377
1821,0.7453442811965942
1822,-0.0632275640964508
1823,0.30647778511047363
1824,0.8838165998458862
1825,0.39754539728164673
1826,0.8979014158248901
1827,0.48813343048095703
1828,0.0743115097284317
1829,0.7676870822906494
1830,0.752336859703064
1831,0.5364888906478882
1832,0.8527225255966187
1833,0.33985385298728943
1834,0.5252171158790588
1835,0.31046637892723083
1836,0.14674513041973114
1837,0.41179248690605164
1838,0.8113034963607788
1839,0.3499276638031006
1840,-0.4491461217403412
1841,0.1814011186361313
1842,0.7467092871665955
1843,0.9041032195091248
1844,-0.3518964350223541
1845,0.953474223613739
1846,0.9167652726173401
1847,-0.054763372987508774
1848,0.5636192560195923
1849,0.274265855550766
1850,0.9464306235313416
1851,0.26269495487213135
1852,0.16069969534873962
1853,0.7740013599395752
1854,0.08244747668504715
1855,0.5150051712989807
1856,0.43316200375556946
1857,0.31247565150260925
1858,0.6679823398590088
1859,0.26066604256629944
1860,0.07499905675649643
1861,0.11357385665178299
1862,-0.11991575360298157
1863,0.41242271661758423
1864,0.04020855575799942
1865,0.47269877791404724
1866,-0.058204591274261475
1867,-0.19816336035728455
1868,0.546477198600769
1869,0.5517446398735046
1870,-0.04124746099114418
1871,0.18701684474945068
1872,0.2969052195549011
1873,-0.03302260860800743
1874,-0.13335055112838745
1875,0.07388315349817276
1876,0.8298617005348206
1877,-0.0006939572631381452
1878,-0.07868269830942154
1879,-0.15698041021823883
1880,0.1751202791929245
1881,0.6830125451087952
1882,-0.12267404049634933
1883,-0.024351229891180992
1884,0.015398990362882614
1885,0.44918495416641235
1886,-0.007374695502221584
1887,0.25699588656425476
1888,0.521830141544342
1889,0.68881756067276
1890,0.3793797194957733
1891,0.17600533366203308
1892,-0.007298284210264683
1893,0.5842397212982178
1894,0.5399499535560608
1895,0.19522297382354736
1896,0.05453861877322197
1897,-0.17146670818328857
1898,0.15485845506191254
1899,0.23161037266254425
1900,0.24349141120910645
1901,0.6751157641410828
1902,0.11186059564352036
1903,0.8528384566307068
1904,0.6048033833503723
1905,0.38122034072875977
1906,0.5646966695785522
1907,0.10662224143743515
1908,0.46803051233291626
1909,0.030670830979943275
1910,0.7315812706947327
1911,-0.11768076568841934
1912,0.12306208163499832
1913,0.8890702724456787
1914,0.1651492416858673
1915,0.16858628392219543
1916,0.6798518896102905
1917,0.9448532462120056
1918,-0.11073555052280426
1919,0.9640394449234009
1920,0.07561156898736954
1921,0.666096031665802
1922,0.18134671449661255
1923,-0.5239913463592529
1924,0.5402052998542786
1925,-0.17183521389961243
1926,0.13174529373645782
1927,0.7129608988761902
1928,0.2620336413383484
1929,0.7254621982574463
1930,0.6731114387512207
1931,0.3975673019886017
1932,-0.09371154755353928
1933,0.3277473747730255
1934,0.21269778907299042
1935,0.5916284322738647
1936,0.443240761756897
1937,-0.13216856122016907
1938,0.33159032464027405
1939,0.2301982343196869
1940,0.6388329267501831
1941,0.8243323564529419
1942,0.5398544073104858
1943,0.6079301834106445
1944,0.23902732133865356
1945,0.6735447645187378
1946,0.06779994815587997
1947,0.06774061173200607
1948,0.7292999029159546
1949,-0.031694430857896805
1950,0.49858367443084717
1951,-0.05578485131263733
1952,0.9265235662460327
1953,0.11613450199365616
1954,0.47967788577079773
1955,0.2969436049461365
1956,0.8439396023750305
1957,0.1022198349237442
1958,0.44368961453437805
1959,0.7679823040962219
1960,0.6050875782966614
1961,0.5884336233139038
1962,0.04694376140832901
1963,0.3254190981388092
1964,0.9483364224433899
1965,0.07537709921598434
1966,0.04522847384214401
1967,0.9054094552993774
1968,-0.06173908710479736
1969,-0.017096327617764473
1970,0.7040627598762512
1971,-0.047132935374975204
1972,-0.0067846328020095825
1973,0.6829321384429932
1974,0.7818034291267395
1975,0.045652423053979874
1976,0.33221834897994995
1977,0.9549164175987244
1978,0.19483789801597595
1979,0.7431216239929199
1980,-0.2296600341796875
1981,-0.22700589895248413
1982,0.12812082469463348
1983,0.5354123115539551
1984,0.7513640522956848
1985,0.7412639856338501
1986,0.1671605110168457
1987,0.4740813076496124
1988,0.4104953706264496
1989,-0.048766039311885834
1990,0.15186560153961182
1991,0.3053928017616272
1992,0.8481561541557312
1993,0.09000305086374283
1994,0.5138846635818481
1995,-0.013336348347365856
1996,0.20844979584217072
1997,-0.22438597679138184
1998,0.8258622884750366
1999,0.827118992805481
2000,0.5351044535636902
2001,-0.026500504463911057
2002,-0.37414395809173584
2003,-0.10082921385765076
2004,0.1154615506529808
2005,0.6346195340156555
2006,-0.0773487314581871
2007,0.641120970249176
2008,0.35378414392471313
2009,0.3471199870109558
2010,0.5811378359794617
2011,0.2913796603679657
2012,0.7828187346458435
2013,-0.11427691578865051
2014,0.1015377789735794
2015,0.6500390768051147
2016,0.20781487226486206
2017,0.3652459681034088
2018,0.9517133235931396
2019,0.5454040765762329
2020,0.9381415843963623
2021,0.42257577180862427
2022,0.0097649609670043
2023,0.07482820749282837
2024,-0.22065091133117676
2025,0.47177842259407043
2026,0.811711311340332
2027,0.6626991033554077
2028,0.7291817665100098
2029,-0.0022065548691898584
2030,0.009711787104606628
2031,0.47310909628868103
2032,0.036495622247457504
2033,0.1553998738527298
2034,0.13675855100154877
2035,0.19639043509960175
2036,-0.22338645160198212
2037,0.28213369846343994
2038,0.7853525876998901
2039,0.31299450993537903
2040,0.3863854706287384
2041,-0.0845271423459053
2042,0.2644616365432739
2043,0.8549032807350159
2044,0.5483631491661072
2045,0.48280590772628784
2046,0.2297620177268982
2047,0.609798014163971
2048,0.05189128220081329
2049,-0.10785872489213943
2050,-0.3105131983757019
2051,0.3825730085372925
2052,-0.025802087038755417
2053,0.4657886028289795
2054,-0.26979294419288635
2055,0.2733853757381439
2056,-0.14393195509910583
2057,-0.10945747047662735
2058,0.08469156920909882
2059,0.4244215488433838
2060,0.9612562656402588
2061,0.8447275757789612
2062,-0.11271734535694122
2063,0.09040135890245438
2064,-0.09225688874721527
2065,0.07472632080316544
2066,0.7141132354736328
2067,0.6328139305114746
2068,-0.10599665343761444
2069,0.16545997560024261
2070,-0.09265623986721039
2071,0.317728191614151
2072,0.33833903074264526
2073,0.7867234349250793
2074,0.49366867542266846
2075,0.29076316952705383
2076,0.14635422825813293
2077,0.14766478538513184
2078,0.4353260397911072
2079,0.29265618324279785
2080,0.21304579079151154
2081,0.251984566450119
2082,0.8146549463272095
2083,0.4962671101093292
2084,0.1971113234758377
2085,0.1253952533006668
2086,0.7474694848060608
2087,-0.026909759268164635
2088,0.8191754817962646
2089,0.3427562415599823
2090,0.1971949338912964
2091,0.3513276278972626
2092,-0.15246689319610596
2093,0.19327741861343384
2094,0.14756149053573608
2095,0.040503405034542084
2096,-0.052127208560705185
2097,-0.001959205139428377
2098,0.1365172266960144
2099,0.20142534375190735
2100,0.8705369830131531
2101,0.8782001733779907
2102,0.2729426622390747
2103,0.42043086886405945
2104,-0.2553901672363281
2105,0.16859875619411469
2106,0.37493738532066345
2107,0.8110973238945007
2108,-0.14850498735904694
2109,0.054407548159360886
2110,0.3145431578159332
2111,0.16874121129512787
2112,0.21544381976127625
2113,0.10816221684217453
2114,0.5061593055725098
2115,0.5477088689804077
2116,-0.07130760699510574
2117,-0.12258264422416687
2118,0.30598360300064087
2119,0.877741277217865
2120,-0.018705492839217186
2121,0.8098160624504089
2122,0.3448738753795624
2123,0.5046563148498535
2124,0.9281856417655945
2125,-0.1638554334640503
2126,0.24034470319747925
2127,0.5926410555839539
2128,0.17230398952960968
2129,0.6563286185264587
2130,0.2863088548183441
2131,0.49073556065559387
2132,0.4375663995742798
2133,0.6899099349975586
2134,0.5621510744094849
2135,0.0404699333012104
2136,0.7132527828216553
2137,0.7018952369689941
2138,0.5428099632263184
2139,0.2533336281776428
2140,0.3127010762691498
2141,0.5564781427383423
2142,0.13654585182666779
2143,0.2752506136894226
2144,0.626779317855835
2145,0.8319231271743774
2146,0.5077619552612305
2147,0.38341468572616577
2148,0.38247916102409363
2149,0.1709824800491333
2150,0.232255220413208
2151,0.6196819543838501
2152,0.6137262582778931
2153,0.22748617827892303
2154,0.5461220145225525
2155,0.7455124258995056
2156,0.9049350023269653
2157,0.33084702491760254
2158,0.35092484951019287
2159,0.7737227082252502
2160,0.6837271451950073
2161,0.1337818056344986
2162,0.20391419529914856
2163,0.0700535997748375
2164,0.06168095022439957
2165,0.3879513144493103
2166,0.0076036532409489155
2167,0.12719039618968964
2168,0.7785887718200684
2169,0.7831957936286926
2170,-0.07090494781732559
2171,0.6927438974380493
2172,0.41753795742988586
2173,0.8312230110168457
2174,0.8335064053535461
2175,0.9385586977005005
2176,0.6963250637054443
2177,0.13882021605968475
2178,0.2245732843875885
2179,0.008605539798736572
2180,0.14956791698932648
2181,0.7841589450836182
2182,-0.5502640008926392
2183,0.576216995716095
2184,0.2149994969367981
2185,0.015194416977465153
2186,0.7474045753479004
2187,0.19206596910953522
2188,0.003618653630837798
2189,0.7297225594520569
2190,0.8336294889450073
2191,0.7868030667304993
2192,0.38791903853416443
2193,0.16828681528568268
2194,0.8307738900184631
2195,-0.27104732394218445
2196,0.8469155430793762
2197,-0.07413754612207413
2198,0.22965839505195618
2199,0.5831843018531799
2200,-0.01855490915477276
2201,0.46162253618240356
2202,0.854820728302002
2203,-0.41453471779823303
2204,0.5394501686096191
2205,0.22798164188861847
2206,0.46142518520355225
2207,0.4515943229198456
2208,0.692970335483551
2209,0.5384445190429688
2210,0.899738609790802
2211,0.8872197866439819
2212,0.6155688762664795
2213,0.11561959236860275
2214,0.07163736969232559
2215,0.1096266433596611
2216,0.4371470510959625
2217,0.9494158625602722
2218,0.19305764138698578
2219,0.7913759350776672
2220,0.12728086113929749
2221,-0.1462925225496292
2222,0.5577223896980286
2223,-0.012853660620748997
2224,0.6185484528541565
2225,0.7887770533561707
2226,0.4405493140220642
2227,0.12429745495319366
2228,0.17824411392211914
2229,0.1931212842464447
2230,0.9132229089736938
2231,0.36180752515792847
2232,0.4312259554862976
2233,0.20310427248477936
2234,0.4696596562862396
2235,0.3377887010574341
2236,0.16382326185703278
2237,0.2106342315673828
2238,0.2998808026313782
2239,0.5522289872169495
2240,0.11462116986513138
2241,0.57481849193573
2242,0.6608947515487671
2243,0.1644507646560669
2244,0.14240537583827972
2245,0.2984776198863983
2246,0.5869490504264832
2247,-0.09744580835103989
2248,0.0068245017901062965
2249,-0.2793177366256714
2250,0.3011111319065094
2251,0.6553093194961548
2252,-0.0991322249174118
2253,0.21527665853500366
2254,0.6720864176750183
2255,0.4115472137928009
2256,0.19089524447917938
2257,0.3939001262187958
2258,0.6394502520561218
2259,0.028601443395018578
2260,0.6870619654655457
2261,0.8406554460525513
2262,0.029977239668369293
2263,0.7485785484313965
2264,0.23418556153774261
2265,0.383785218000412
2266,0.20831695199012756
2267,0.8680701851844788
2268,0.40175795555114746
2269,0.060572028160095215
2270,-0.11048122495412827
2271,0.07377735525369644
2272,0.5988963842391968
2273,-0.05470273271203041
2274,0.12320242077112198
2275,0.6944326758384705
2276,0.5738017559051514
2277,0.7451798915863037
2278,-0.03029911033809185
2279,0.5715844631195068
2280,0.9881324768066406
2281,0.9513916373252869
2282,0.004781236406415701
2283,0.014564882963895798
2284,0.38502565026283264
2285,0.6056283116340637
2286,0.7868878245353699
2287,0.9522526860237122
2288,0.48415035009384155
2289,0.527395486831665
2290,0.6210890412330627
2291,0.25959348678588867
2292,0.03790946677327156
2293,0.06712723523378372
2294,0.5243798494338989
2295,0.26739785075187683
2296,0.3842935860157013
2297,0.9618174433708191
2298,0.8993328809738159
2299,0.6579111814498901
2300,0.6525418758392334
2301,-0.08630264550447464
2302,0.6038542985916138
2303,0.9170387983322144
2304,0.47441479563713074
2305,0.22988639771938324
2306,0.7847397327423096
2307,0.6643053889274597
2308,0.4856715798377991
2309,0.10325664281845093
2310,-0.03793182596564293
2311,0.8789575099945068
2312,-0.15450389683246613
2313,-0.4439413845539093
2314,-0.3284255564212799
2315,0.041830867528915405
2316,0.46556755900382996
2317,0.2195357233285904
2318,-0.0769723504781723
2319,0.06363236159086227
2320,0.3776000738143921
2321,-0.028034841641783714
2322,0.6588143706321716
2323,0.9637414216995239
2324,0.07302986830472946
2325,0.02936919592320919
2326,-0.10954950749874115
2327,0.5659015774726868
2328,-0.04478837177157402
2329,0.13874001801013947
2330,-0.06944137811660767
2331,0.9084929823875427
2332,0.11361853778362274
2333,0.4100239872932434
2334,-0.021030878648161888
2335,-0.1344405710697174
2336,0.0009111694525927305
2337,0.5448816418647766
2338,0.14628233015537262
2339,0.3901098370552063
2340,0.12436775118112564
2341,0.6259138584136963
2342,0.028891490772366524
2343,-0.13128507137298584
2344,0.688835084438324
2345,0.8881535530090332
